INSERT INTO `charge_points` (id, vendor, model, `status`)
VALUES (1, 'AAAA', '001', 'WAIT')
     , (2, 'AAAA', '002', 'CHARGING')
     , (3, 'BBBB', 'A01', 'WAIT')
     , (4, 'BBBB', 'B01', 'CHARGING')
     , (5, 'CCCC', 'AZZA', 'WAIT')
     , (6, 'CCCC', 'BBKS', 'WAIT')
;

INSERT INTO `transactions` (id, charging_connector, `status`, charge_point_id)
VALUES (1, 'A', 'END', 1)
     , (2, 'A', 'END', 3)
     , (3, 'B', 'CHARGING', 2)
     , (4, 'B', 'START', 4)
     , (5, 'B', 'END', 5)
     , (6, 'B', 'END', 6)
     , (7, 'B', 'END', 1)
;

INSERT INTO `transaction_events` (id, event_type, event_data, transaction_id)
VALUES (1, 'START', '{ "meter": 0, "event": { "charge": "start", "transaction_id": "AAAAAAAA" } }', 1)
     , (2, 'METER', '{"meter": 100, "event": {"charge": "charging, "transaction_id": "AAAAAAAA"}}', 1)
     , (3, 'STOP', '{"meter": 113.5, "event": {"charge": "stop", "transaction_id": "AAAAAAAA"}}', 1)
     , (4, 'START', '{"meter": 0, "event": {"charge": "start", "transaction_id": "AAAAAAAB"}}', 2)
     , (5, 'METER', '{"meter": 30, "event": {"charge": "charging, "transaction_id": "AAAAAAAB"}}', 2)
     , (6, 'STOP', '{"meter": 40.5, "event": {"charge": "stop", "transaction_id": "AAAAAAAB"}}', 2)
     , (7, 'START', '{"meter": 0, "event": {"charge": "start", "transaction_id": "BAAAAAAB"}}', 3)
     , (8, 'METER', '{"meter": 60, "event": {"charge": "charging, "transaction_id": "BAAAAAAB"}}', 3)
     , (9, 'START', '{"meter": 0, "event": {"charge": "start", "transaction_id": "CAAAAAAB"}}', 4)
     , (10, 'START', '{"meter": 0, "event": {"charge": "start", "transaction_id": "ABAACAAB"}}', 5)
     , (11, 'METER', '{"meter": 10, "event": {"charge": "charging, "transaction_id": "ABAACAAB"}}', 5)
     , (12, 'STOP', '{"meter": 50.5, "event": {"charge": "stop", "transaction_id": "ABAACAAB"}}', 5)
     , (13, 'START', '{"meter": 0, "event": {"charge": "start", "transaction_id": "ABBCFDAB"}}', 6)
     , (14, 'METER', '{"meter": 60, "event": {"charge": "charging, "transaction_id": "ABBCFDAB"}}', 6)
     , (15, 'STOP', '{"meter": 60.5, "event": {"charge": "stop", "transaction_id": "ABBCFDAB"}}', 6)
     , (16, 'START', '{"meter": 0, "event": {"charge": "start", "transaction_id": "ABCABCAB"}}', 7)
     , (17, 'METER', '{"meter": 60, "event": {"charge": "charging, "transaction_id": "ABCABCAB"}}', 7)
     , (18, 'STOP', '{"meter": 60.5, "event": {"charge": "stop", "transaction_id": "ABCABCAB"}}', 7)
;
